glyph_id	text	unicode	source_unit	unit_kind
0	０	U+FF10	０	fullwidth_single
1	１	U+FF11	１	fullwidth_single
2	２	U+FF12	２	fullwidth_single
3	３	U+FF13	３	fullwidth_single
4	４	U+FF14	４	fullwidth_single
5	５	U+FF15	５	fullwidth_single
6	６	U+FF16	６	fullwidth_single
7	７	U+FF17	７	fullwidth_single
8	８	U+FF18	８	fullwidth_single
9	９	U+FF19	９	fullwidth_single
10	Ａ	U+FF21	Ａ	fullwidth_single
11	Ｂ	U+FF22	Ｂ	fullwidth_single
12	Ｃ	U+FF23	Ｃ	fullwidth_single
13	Ｄ	U+FF24	Ｄ	fullwidth_single
14	Ｅ	U+FF25	Ｅ	fullwidth_single
15	Ｆ	U+FF26	Ｆ	fullwidth_single
16	Ｇ	U+FF27	Ｇ	fullwidth_single
17	Ｈ	U+FF28	Ｈ	fullwidth_single
18	Ｉ	U+FF29	Ｉ	fullwidth_single
19	Ｊ	U+FF2A	Ｊ	fullwidth_single
20	Ｋ	U+FF2B	Ｋ	fullwidth_single
21	Ｌ	U+FF2C	Ｌ	fullwidth_single
22	Ｍ	U+FF2D	Ｍ	fullwidth_single
23	Ｎ	U+FF2E	Ｎ	fullwidth_single
24	Ｏ	U+FF2F	Ｏ	fullwidth_single
25	Ｐ	U+FF30	Ｐ	fullwidth_single
26	Ｑ	U+FF31	Ｑ	fullwidth_single
27	Ｒ	U+FF32	Ｒ	fullwidth_single
28	Ｓ	U+FF33	Ｓ	fullwidth_single
29	Ｔ	U+FF34	Ｔ	fullwidth_single
30	Ｕ	U+FF35	Ｕ	fullwidth_single
31	Ｖ	U+FF36	Ｖ	fullwidth_single
32	Ｗ	U+FF37	Ｗ	fullwidth_single
33	Ｘ	U+FF38	Ｘ	fullwidth_single
34	Ｙ	U+FF39	Ｙ	fullwidth_single
35	Ｚ	U+FF3A	Ｚ	fullwidth_single
36	索	U+7D22	索	fullwidth_single
37	爾	U+723E	爾	fullwidth_single
38	哈	U+54C8	哈	fullwidth_single
39	諾	U+8AFE	諾	fullwidth_single
40	鐵	U+9435	鐵	fullwidth_single
41	瓦	U+74E6	瓦	fullwidth_single
42	特	U+7279	特	fullwidth_single
43	亞	U+4E9E	亞	fullwidth_single
44	雷	U+96F7	雷	fullwidth_single
45	斯	U+65AF	斯	fullwidth_single
46	洛	U+6D1B	洛	fullwidth_single
47	娜	U+5A1C	娜	fullwidth_single
48	萊	U+840A	萊	fullwidth_single
49	汀	U+6C40	汀	fullwidth_single
50	蘭	U+862D	蘭	fullwidth_single
51	希	U+5E0C	希	fullwidth_single
52	莉	U+8389	莉	fullwidth_single
53	悠	U+60A0	悠	fullwidth_single
54	妮	U+59AE	妮	fullwidth_single
55	瑪	U+746A	瑪	fullwidth_single
56	琳	U+7433	琳	fullwidth_single
57	菲	U+83F2	菲	fullwidth_single
58	凱	U+51F1	凱	fullwidth_single
59	麗	U+9E97	麗	fullwidth_single
60	貝	U+8C9D	貝	fullwidth_single
61	克	U+514B	克	fullwidth_single
62	威	U+5A01	威	fullwidth_single
63	珊	U+73CA	珊	fullwidth_single
64	塞	U+585E	塞	fullwidth_single
65	可	U+53EF	可	fullwidth_single
66	邦	U+90A6	邦	fullwidth_single
67	勒	U+52D2	勒	fullwidth_single
68	拉	U+62C9	拉	fullwidth_single
69	米	U+7C73	米	fullwidth_single
70	多	U+591A	多	fullwidth_single
71	德	U+5FB7	德	fullwidth_single
72	蜜	U+871C	蜜	fullwidth_single
73	蒂	U+8482	蒂	fullwidth_single
74	羅	U+7F85	羅	fullwidth_single
75	曼	U+66FC	曼	fullwidth_single
76	莎	U+838E	莎	fullwidth_single
77	約	U+7D04	約	fullwidth_single
78	拿	U+62FF	拿	fullwidth_single
79	卡	U+5361	卡	fullwidth_single
80	里	U+91CC	里	fullwidth_single
81	法	U+6CD5	法	fullwidth_single
82	謝	U+8B1D	謝	fullwidth_single
83	聖	U+8056	聖	fullwidth_single
84	寇	U+5BC7	寇	fullwidth_single
85	巴	U+5DF4	巴	fullwidth_single
86	西	U+897F	西	fullwidth_single
87	達	U+9054	達	fullwidth_single
88	齊	U+9F4A	齊	fullwidth_single
89	梅	U+6885	梅	fullwidth_single
90	吉	U+5409	吉	fullwidth_single
91	蓋	U+84CB	蓋	fullwidth_single
92	渥	U+6E25	渥	fullwidth_single
93	士	U+58EB	士	fullwidth_single
94	兵	U+5175	兵	fullwidth_single
95	騎	U+9A0E	騎	fullwidth_single
96	傭	U+50AD	傭	fullwidth_single
97	豹	U+8C79	豹	fullwidth_single
98	人	U+4EBA	人	fullwidth_single
99	精	U+7CBE	精	fullwidth_single
100	靈	U+9748	靈	fullwidth_single
101	龍	U+9F8D	龍	fullwidth_single
102	惡	U+60E1	惡	fullwidth_single
103	魔	U+9B54	魔	fullwidth_single
104	英	U+82F1	英	fullwidth_single
105	戰	U+6230	戰	fullwidth_single
106	鎧	U+93A7	鎧	fullwidth_single
107	甲	U+7532	甲	fullwidth_single
108	武	U+6B66	武	fullwidth_single
109	黑	U+9ED1	黑	fullwidth_single
110	暗	U+6697	暗	fullwidth_single
111	狂	U+72C2	狂	fullwidth_single
112	突	U+7A81	突	fullwidth_single
113	擊	U+64CA	擊	fullwidth_single
114	地	U+5730	地	fullwidth_single
115	獄	U+7344	獄	fullwidth_single
116	弓	U+5F13	弓	fullwidth_single
117	箭	U+7BAD	箭	fullwidth_single
118	手	U+624B	手	fullwidth_single
119	射	U+5C04	射	fullwidth_single
120	狙	U+72D9	狙	fullwidth_single
121	師	U+5E2B	師	fullwidth_single
122	巫	U+5DEB	巫	fullwidth_single
123	僧	U+50E7	僧	fullwidth_single
124	侶	U+4FB6	侶	fullwidth_single
125	大	U+5927	大	fullwidth_single
126	祭	U+796D	祭	fullwidth_single
127	盜	U+76DC	盜	fullwidth_single
128	賊	U+8CCA	賊	fullwidth_single
129	頭	U+982D	頭	fullwidth_single
130	目	U+76EE	目	fullwidth_single
131	影	U+5F71	影	fullwidth_single
132	之	U+4E4B	之	fullwidth_single
133	忍	U+5FCD	忍	fullwidth_single
134	者	U+8005	者	fullwidth_single
135	殺	U+6BBA	殺	fullwidth_single
136	術	U+8853	術	fullwidth_single
137	家	U+5BB6	家	fullwidth_single
138	鬥	U+9B25	鬥	fullwidth_single
139	獸	U+7378	獸	fullwidth_single
140	隊	U+968A	隊	fullwidth_single
141	長	U+9577	長	fullwidth_single
142	火	U+706B	火	fullwidth_single
143	鬼	U+9B3C	鬼	fullwidth_single
144	機	U+6A5F	機	fullwidth_single
145	光	U+5149	光	fullwidth_single
146	束	U+675F	束	fullwidth_single
147	砲	U+7832	砲	fullwidth_single
148	座	U+5EA7	座	fullwidth_single
149	守	U+5B88	守	fullwidth_single
150	衛	U+885B	衛	fullwidth_single
151	那	U+90A3	那	fullwidth_single
152	薩	U+85A9	薩	fullwidth_single
153	沼	U+6CBC	沼	fullwidth_single
154	澤	U+6FA4	澤	fullwidth_single
155	怪	U+602A	怪	fullwidth_single
156	物	U+7269	物	fullwidth_single
157	神	U+795E	神	fullwidth_single
158	水	U+6C34	水	fullwidth_single
159	風	U+98A8	風	fullwidth_single
160	空	U+7A7A	空	fullwidth_single
161	女	U+5973	女	fullwidth_single
162	村	U+6751	村	fullwidth_single
163	民	U+6C11	民	fullwidth_single
164	男	U+7537	男	fullwidth_single
165	納	U+7D0D	納	fullwidth_single
166	恩	U+6069	恩	fullwidth_single
167	三	U+4E09	三	fullwidth_single
168	世	U+4E16	世	fullwidth_single
169	類	U+985E	類	fullwidth_single
170	族	U+65CF	族	fullwidth_single
171	械	U+68B0	械	fullwidth_single
172	元	U+5143	元	fullwidth_single
173	素	U+7D20	素	fullwidth_single
174	其	U+5176	其	fullwidth_single
175	他	U+4ED6	他	fullwidth_single
176	劍	U+528D	劍	fullwidth_single
177	雄	U+96C4	雄	fullwidth_single
178	召	U+53EC	召	fullwidth_single
179	喚	U+559A	喚	fullwidth_single
180	？	U+FF1F	？	fullwidth_single
181	　	U+3000	　	fullwidth_single
182	短	U+77ED	短	fullwidth_single
183	闊	U+95CA	闊	fullwidth_single
184	巨	U+5DE8	巨	fullwidth_single
185	斬	U+65AC	斬	fullwidth_single
186	流	U+6D41	流	fullwidth_single
187	炎	U+708E	炎	fullwidth_single
188	小	U+5C0F	小	fullwidth_single
189	刀	U+5200	刀	fullwidth_single
190	匕	U+5315	匕	fullwidth_single
191	首	U+9996	首	fullwidth_single
192	淬	U+6DEC	淬	fullwidth_single
193	毒	U+6BD2	毒	fullwidth_single
194	護	U+8B77	護	fullwidth_single
195	刺	U+523A	刺	fullwidth_single
196	矛	U+77DB	矛	fullwidth_single
197	槍	U+69CD	槍	fullwidth_single
198	戟	U+621F	戟	fullwidth_single
199	先	U+5148	先	fullwidth_single
200	鋒	U+92D2	鋒	fullwidth_single
201	馬	U+99AC	馬	fullwidth_single
202	黃	U+9EC3	黃	fullwidth_single
203	金	U+91D1	金	fullwidth_single
204	破	U+7834	破	fullwidth_single
205	斧	U+65A7	斧	fullwidth_single
206	迴	U+8FF4	迴	fullwidth_single
207	旋	U+65CB	旋	fullwidth_single
208	鎚	U+939A	鎚	fullwidth_single
209	血	U+8840	血	fullwidth_single
210	閃	U+9583	閃	fullwidth_single
211	電	U+96FB	電	fullwidth_single
212	暴	U+66B4	暴	fullwidth_single
213	力	U+529B	力	fullwidth_single
214	量	U+91CF	量	fullwidth_single
215	封	U+5C01	封	fullwidth_single
216	棍	U+68CD	棍	fullwidth_single
217	釘	U+91D8	釘	fullwidth_single
218	槤	U+69E4	槤	fullwidth_single
219	枷	U+67B7	枷	fullwidth_single
220	杖	U+6756	杖	fullwidth_single
221	咒	U+5492	咒	fullwidth_single
222	指	U+6307	指	fullwidth_single
223	套	U+5957	套	fullwidth_single
224	爪	U+722A	爪	fullwidth_single
225	皇	U+7687	皇	fullwidth_single
226	帝	U+5E1D	帝	fullwidth_single
227	環	U+74B0	環	fullwidth_single
228	殭	U+6BAD	殭	fullwidth_single
229	屍	U+5C4D	屍	fullwidth_single
230	碎	U+788E	碎	fullwidth_single
231	岩	U+5CA9	岩	fullwidth_single
232	鋼	U+92FC	鋼	fullwidth_single
233	裂	U+88C2	裂	fullwidth_single
234	刃	U+5203	刃	fullwidth_single
235	臂	U+81C2	臂	fullwidth_single
236	衝	U+885D	衝	fullwidth_single
237	炮	U+70AE	炮	fullwidth_single
238	拳	U+62F3	拳	fullwidth_single
239	利	U+5229	利	fullwidth_single
240	觸	U+89F8	觸	fullwidth_single
241	激	U+6FC0	激	fullwidth_single
242	牙	U+7259	牙	fullwidth_single
243	燄	U+71C4	燄	fullwidth_single
244	波	U+6CE2	波	fullwidth_single
245	震	U+9707	震	fullwidth_single
246	戒	U+6212	戒	fullwidth_single
247	勇	U+52C7	勇	fullwidth_single
248	徽	U+5FBD	徽	fullwidth_single
249	章	U+7AE0	章	fullwidth_single
250	契	U+5951	契	fullwidth_single
251	印	U+5370	印	fullwidth_single
252	領	U+9818	領	fullwidth_single
253	悟	U+609F	悟	fullwidth_single
254	書	U+66F8	書	fullwidth_single
255	心	U+5FC3	心	fullwidth_single
256	眼	U+773C	眼	fullwidth_single
257	白	U+767D	白	fullwidth_single
258	生	U+751F	生	fullwidth_single
259	命	U+547D	命	fullwidth_single
260	實	U+5BE6	實	fullwidth_single
261	晶	U+6676	晶	fullwidth_single
262	羽	U+7FBD	羽	fullwidth_single
263	十	U+5341	十	fullwidth_single
264	字	U+5B57	字	fullwidth_single
265	鞭	U+97AD	鞭	fullwidth_single
266	天	U+5929	天	fullwidth_single
267	鑰	U+9470	鑰	fullwidth_single
268	傳	U+50B3	傳	fullwidth_single
269	送	U+9001	送	fullwidth_single
270	修	U+4FEE	修	fullwidth_single
271	理	U+7406	理	fullwidth_single
272	件	U+4EF6	件	fullwidth_single
273	冰	U+51B0	冰	fullwidth_single
274	11	U+0031 U+0031	11	halfwidth_pair
275	22	U+0032 U+0032	22	halfwidth_pair
276	布	U+5E03	布	fullwidth_single
277	衣	U+8863	衣	fullwidth_single
278	旅	U+65C5	旅	fullwidth_single
279	行	U+884C	行	fullwidth_single
280	裝	U+88DD	裝	fullwidth_single
281	披	U+62AB	披	fullwidth_single
282	體	U+9AD4	體	fullwidth_single
283	皮	U+76AE	皮	fullwidth_single
284	硬	U+786C	硬	fullwidth_single
285	夜	U+591C	夜	fullwidth_single
286	潛	U+6F5B	潛	fullwidth_single
287	服	U+670D	服	fullwidth_single
288	祕	U+7955	祕	fullwidth_single
289	狀	U+72C0	狀	fullwidth_single
290	鎖	U+9396	鎖	fullwidth_single
291	子	U+5B50	子	fullwidth_single
292	鱗	U+9C57	鱗	fullwidth_single
293	連	U+9023	連	fullwidth_single
294	合	U+5408	合	fullwidth_single
295	銀	U+9280	銀	fullwidth_single
296	重	U+91CD	重	fullwidth_single
297	袍	U+888D	袍	fullwidth_single
298	司	U+53F8	司	fullwidth_single
299	霧	U+9727	霧	fullwidth_single
300	道	U+9053	道	fullwidth_single
301	妖	U+5996	妖	fullwidth_single
302	殊	U+6B8A	殊	fullwidth_single
303	青	U+9752	青	fullwidth_single
304	色	U+8272	色	fullwidth_single
305	虛	U+865B	虛	fullwidth_single
306	無	U+7121	無	fullwidth_single
307	王	U+738B	王	fullwidth_single
308	藥	U+85E5	藥	fullwidth_single
309	草	U+8349	草	fullwidth_single
310	回	U+56DE	回	fullwidth_single
311	復	U+5FA9	復	fullwidth_single
312	劑	U+5291	劑	fullwidth_single
313	再	U+518D	再	fullwidth_single
314	解	U+89E3	解	fullwidth_single
315	退	U+9000	退	fullwidth_single
316	麻	U+9EBB	麻	fullwidth_single
317	耐	U+8010	耐	fullwidth_single
318	速	U+901F	速	fullwidth_single
319	度	U+5EA6	度	fullwidth_single
320	綠	U+7DA0	綠	fullwidth_single
321	寶	U+5BF6	寶	fullwidth_single
322	石	U+77F3	石	fullwidth_single
323	紅	U+7D05	紅	fullwidth_single
324	藍	U+85CD	藍	fullwidth_single
325	鑽	U+947D	鑽	fullwidth_single
326	飛	U+98DB	飛	fullwidth_single
327	卵	U+5375	卵	fullwidth_single
328	粒	U+7C92	粒	fullwidth_single
329	控	U+63A7	控	fullwidth_single
330	制	U+5236	制	fullwidth_single
331	中	U+4E2D	中	fullwidth_single
332	樞	U+6A1E	樞	fullwidth_single
333	星	U+661F	星	fullwidth_single
334	要	U+8981	要	fullwidth_single
335	記	U+8A18	記	fullwidth_single
336	錄	U+9304	錄	fullwidth_single
337	況	U+6CC1	況	fullwidth_single
338	嗎	U+55CE	嗎	fullwidth_single
339	已	U+5DF2	已	fullwidth_single
340	被	U+88AB	被	fullwidth_single
341	了	U+4E86	了	fullwidth_single
342	！	U+FF01	！	fullwidth_single
343	是	U+662F	是	fullwidth_single
344	麼	U+9EBC	麼	fullwidth_single
345	就	U+5C31	就	fullwidth_single
346	不	U+4E0D	不	fullwidth_single
347	·	U+00B7	·	fullwidth_single
348	讀	U+8B80	讀	fullwidth_single
349	取	U+53D6	取	fullwidth_single
350	請	U+8ACB	請	fullwidth_single
351	稍	U+7A0D	稍	fullwidth_single
352	等	U+7B49	等	fullwidth_single
353	離	U+96E2	離	fullwidth_single
354	開	U+958B	開	fullwidth_single
355	場	U+5834	場	fullwidth_single
356	休	U+4F11	休	fullwidth_single
357	息	U+606F	息	fullwidth_single
358	吧	U+5427	吧	fullwidth_single
359	決	U+6C7A	決	fullwidth_single
360	定	U+5B9A	定	fullwidth_single
361	軍	U+8ECD	軍	fullwidth_single
362	全	U+5168	全	fullwidth_single
363	發	U+767C	發	fullwidth_single
364	進	U+9032	進	fullwidth_single
365	結	U+7D50	結	fullwidth_single
366	本	U+672C	本	fullwidth_single
367	的	U+7684	的	fullwidth_single
368	動	U+52D5	動	fullwidth_single
369	好	U+597D	好	fullwidth_single
370	，	U+FF0C	，	fullwidth_single
371	現	U+73FE	現	fullwidth_single
372	箱	U+7BB1	箱	fullwidth_single
373	打	U+6253	打	fullwidth_single
374	具	U+5177	具	fullwidth_single
375	滿	U+6EFF	滿	fullwidth_single
376	交	U+4EA4	交	fullwidth_single
377	換	U+63DB	換	fullwidth_single
378	把	U+628A	把	fullwidth_single
379	放	U+653E	放	fullwidth_single
380	去	U+53BB	去	fullwidth_single
381	起	U+8D77	起	fullwidth_single
382	惜	U+60DC	惜	fullwidth_single
383	藏	U+85CF	藏	fullwidth_single
384	挖	U+6316	挖	fullwidth_single
385	掘	U+6398	掘	fullwidth_single
386	得	U+5F97	得	fullwidth_single
387	到	U+5230	到	fullwidth_single
388	從	U+5F9E	從	fullwidth_single
389	敵	U+6575	敵	fullwidth_single
390	身	U+8EAB	身	fullwidth_single
391	上	U+4E0A	上	fullwidth_single
392	丟	U+4E1F	丟	fullwidth_single
393	棄	U+68C4	棄	fullwidth_single
394	壞	U+58DE	壞	fullwidth_single
395	在	U+5728	在	fullwidth_single
396	伍	U+4F0D	伍	fullwidth_single
397	似	U+4F3C	似	fullwidth_single
398	乎	U+4E4E	乎	fullwidth_single
399	沒	U+6C92	沒	fullwidth_single
400	有	U+6709	有	fullwidth_single
401	以	U+4EE5	以	fullwidth_single
402	備	U+5099	備	fullwidth_single
403	喔	U+5594	喔	fullwidth_single
404	您	U+60A8	您	fullwidth_single
405	錢	U+9322	錢	fullwidth_single
406	夠	U+5920	夠	fullwidth_single
407	歡	U+6B61	歡	fullwidth_single
408	迎	U+8FCE	迎	fullwidth_single
409	臨	U+81E8	臨	fullwidth_single
410	需	U+9700	需	fullwidth_single
411	什	U+4EC0	什	fullwidth_single
412	烈	U+70C8	烈	fullwidth_single
413	落	U+843D	落	fullwidth_single
414	轟	U+8F5F	轟	fullwidth_single
415	彈	U+5F48	彈	fullwidth_single
416	治	U+6CBB	治	fullwidth_single
417	療	U+7642	療	fullwidth_single
418	攻	U+653B	攻	fullwidth_single
419	防	U+9632	防	fullwidth_single
420	禦	U+79A6	禦	fullwidth_single
421	祛	U+795B	祛	fullwidth_single
422	施	U+65BD	施	fullwidth_single
423	庳	U+5EB3	庳	fullwidth_single
424	淒	U+6DD2	淒	fullwidth_single
425	煌	U+714C	煌	fullwidth_single
426	熾	U+71BE	熾	fullwidth_single
427	音	U+97F3	音	fullwidth_single
428	使	U+4F7F	使	fullwidth_single
429	邪	U+90AA	邪	fullwidth_single
430	完	U+5B8C	完	fullwidth_single
431	畢	U+7562	畢	fullwidth_single
432	能	U+80FD	能	fullwidth_single
433	由	U+7531	由	fullwidth_single
434	商	U+5546	商	fullwidth_single
435	店	U+5E97	店	fullwidth_single
436	內	U+5167	內	fullwidth_single
437	增	U+589E	增	fullwidth_single
438	加	U+52A0	加	fullwidth_single
439	效	U+6548	效	fullwidth_single
440	果	U+679C	果	fullwidth_single
441	消	U+6D88	消	fullwidth_single
442	失	U+5931	失	fullwidth_single
443	性	U+6027	性	fullwidth_single
444	痲	U+75F2	痲	fullwidth_single
445	痺	U+75FA	痺	fullwidth_single
446	作	U+4F5C	作	fullwidth_single
447	減	U+6E1B	減	fullwidth_single
448	少	U+5C11	少	fullwidth_single
449	點	U+9EDE	點	fullwidth_single
450	經	U+7D93	經	fullwidth_single
451	驗	U+9A57	驗	fullwidth_single
452	級	U+7D1A	級	fullwidth_single
453	升	U+5347	升	fullwidth_single
454	酒	U+9152	酒	fullwidth_single
455	器	U+5668	器	fullwidth_single
456	出	U+51FA	出	fullwidth_single
457	口	U+53E3	口	fullwidth_single
458	教	U+6559	教	fullwidth_single
459	會	U+6703	會	fullwidth_single
460	呃	U+5443	呃	fullwidth_single
461	買	U+8CB7	買	fullwidth_single
462	東	U+6771	東	fullwidth_single
463	這	U+9019	這	fullwidth_single
464	個	U+500B	個	fullwidth_single
465	啊	U+554A	啊	fullwidth_single
466	還	U+9084	還	fullwidth_single
467	帶	U+5E36	帶	fullwidth_single
468	壹	U+58F9	壹	fullwidth_single
469	給	U+7D66	給	fullwidth_single
470	誰	U+8AB0	誰	fullwidth_single
471	呢	U+5462	呢	fullwidth_single
472	入	U+5165	入	fullwidth_single
473	 <	U+0020 U+003C	 <	halfwidth_pair
474	< 	U+003C U+0020	< 	halfwidth_pair
475	儲	U+5132	儲	fullwidth_single
476	存	U+5B58	存	fullwidth_single
477	 >	U+0020 U+003E	 >	halfwidth_pair
478	> 	U+003E U+0020	> 	halfwidth_pair
479	第	U+7B2C	第	fullwidth_single
480	二	U+4E8C	二	fullwidth_single
481	四	U+56DB	四	fullwidth_single
482	五	U+4E94	五	fullwidth_single
483	六	U+516D	六	fullwidth_single
484	七	U+4E03	七	fullwidth_single
485	八	U+516B	八	fullwidth_single
486	九	U+4E5D	九	fullwidth_single
487	一	U+4E00	一	fullwidth_single
488	）	U+FF09	）	fullwidth_single
489	孤	U+5B64	孤	fullwidth_single
490	島	U+5CF6	島	fullwidth_single
491	鎮	U+93AE	鎮	fullwidth_single
492	往	U+5F80	往	fullwidth_single
493	途	U+9014	途	fullwidth_single
494	前	U+524D	前	fullwidth_single
495	普	U+666E	普	fullwidth_single
496	茲	U+8332	茲	fullwidth_single
497	港	U+6E2F	港	fullwidth_single
498	城	U+57CE	城	fullwidth_single
499	抉	U+6289	抉	fullwidth_single
500	擇	U+64C7	擇	fullwidth_single
501	洞	U+6D1E	洞	fullwidth_single
502	窟	U+7A9F	窟	fullwidth_single
503	幻	U+5E7B	幻	fullwidth_single
504	森	U+68EE	森	fullwidth_single
505	林	U+6797	林	fullwidth_single
506	北	U+5317	北	fullwidth_single
507	山	U+5C71	山	fullwidth_single
508	平	U+5E73	平	fullwidth_single
509	原	U+539F	原	fullwidth_single
510	湖	U+6E56	湖	fullwidth_single
511	與	U+8207	與	fullwidth_single
512	遙	U+9059	遙	fullwidth_single
513	遠	U+9060	遠	fullwidth_single
514	彼	U+5F7C	彼	fullwidth_single
515	岸	U+5CB8	岸	fullwidth_single
516	死	U+6B7B	死	fullwidth_single
517	亡	U+4EA1	亡	fullwidth_single
518	般	U+822C	般	fullwidth_single
519	沈	U+6C88	沈	fullwidth_single
520	寂	U+5BC2	寂	fullwidth_single
521	述	U+8FF0	述	fullwidth_single
522	古	U+53E4	古	fullwidth_single
523	呼	U+547C	呼	fullwidth_single
524	向	U+5411	向	fullwidth_single
525	方	U+65B9	方	fullwidth_single
526	焰	U+7130	焰	fullwidth_single
527	審	U+5BE9	審	fullwidth_single
528	判	U+5224	判	fullwidth_single
529	未	U+672A	未	fullwidth_single
530	知	U+77E5	知	fullwidth_single
531	廊	U+5ECA	廊	fullwidth_single
532	運	U+904B	運	fullwidth_single
533	探	U+63A2	探	fullwidth_single
534	邊	U+908A	邊	fullwidth_single
535	說	U+8AAA	說	fullwidth_single
536	終	U+7D42	終	fullwidth_single
537	事	U+4E8B	事	fullwidth_single
538	學	U+5B78	學	fullwidth_single
539	須	U+9808	須	fullwidth_single
540	活	U+6D3B	活	fullwidth_single
541	轉	U+8F49	轉	fullwidth_single
542	職	U+8077	職	fullwidth_single
543	成	U+6210	成	fullwidth_single
544	業	U+696D	業	fullwidth_single
545	移	U+79FB	移	fullwidth_single
546	滅	U+6EC5	滅	fullwidth_single
547	市	U+5E02	市	fullwidth_single
548	密	U+5BC6	密	fullwidth_single
549	外	U+5916	外	fullwidth_single
550	或	U+6216	或	fullwidth_single
551	毀	U+6BC0	毀	fullwidth_single
552	除	U+9664	除	fullwidth_single
553	系	U+7CFB	系	fullwidth_single
554	統	U+7D71	統	fullwidth_single
555	必	U+5FC5	必	fullwidth_single
556	確	U+78BA	確	fullwidth_single
557	值	U+503C	值	fullwidth_single
558	『	U+300E	『	fullwidth_single
559	累	U+7D2F	累	fullwidth_single
560	下	U+4E0B	下	fullwidth_single
561	』	U+300F	』	fullwidth_single
562	聽	U+807D	聽	fullwidth_single
563	越	U+8D8A	越	fullwidth_single
564	過	U+904E	過	fullwidth_single
565	片	U+7247	片	fullwidth_single
566	海	U+6D77	海	fullwidth_single
567	洋	U+6D0B	洋	fullwidth_single
568	陸	U+9678	陸	fullwidth_single
569	我	U+6211	我	fullwidth_single
570	們	U+5011	們	fullwidth_single
571	此	U+6B64	此	fullwidth_single
572	兒	U+5152	兒	fullwidth_single
573	漲	U+6F32	漲	fullwidth_single
574	潮	U+6F6E	潮	fullwidth_single
575	適	U+9069	適	fullwidth_single
576	時	U+6642	時	fullwidth_single
577	候	U+5019	候	fullwidth_single
578	船	U+8239	船	fullwidth_single
579	夫	U+592B	夫	fullwidth_single
580	來	U+4F86	來	fullwidth_single
581	接	U+63A5	接	fullwidth_single
582	。	U+3002	。	fullwidth_single
583	極	U+6975	極	fullwidth_single
584	妳	U+59B3	妳	fullwidth_single
585	..	U+002E U+002E	..	halfwidth_pair
586	嗯	U+55EF	嗯	fullwidth_single
587	坐	U+5750	坐	fullwidth_single
588	久	U+4E45	久	fullwidth_single
589	吹	U+5439	吹	fullwidth_single
590	真	U+771F	真	fullwidth_single
591	舒	U+8212	舒	fullwidth_single
592	瞧	U+77A7	瞧	fullwidth_single
593	竟	U+7ADF	竟	fullwidth_single
594	呆	U+5446	呆	fullwidth_single
595	鳥	U+9CE5	鳥	fullwidth_single
596	掉	U+6389	掉	fullwidth_single
597	肥	U+80A5	肥	fullwidth_single
598	肉	U+8089	肉	fullwidth_single
599	嘛	U+561B	嘛	fullwidth_single
600	俺	U+4FFA	俺	fullwidth_single
601	通	U+901A	通	fullwidth_single
602	報	U+5831	報	fullwidth_single
603	老	U+8001	老	fullwidth_single
604	支	U+652F	支	fullwidth_single
605	援	U+63F4	援	fullwidth_single
606	你	U+4F60	你	fullwidth_single
607	趕	U+8D95	趕	fullwidth_single
608	快	U+5FEB	快	fullwidth_single
609	些	U+4E9B	些	fullwidth_single
610	伙	U+4F19	伙	fullwidth_single
611	擺	U+64FA	擺	fullwidth_single
612	群	U+7FA4	群	fullwidth_single
613	傢	U+50A2	傢	fullwidth_single
614	裡	U+88E1	裡	fullwidth_single
615	叫	U+53EB	叫	fullwidth_single
616	嘿	U+563F	嘿	fullwidth_single
617	像	U+50CF	像	fullwidth_single
618	提	U+63D0	提	fullwidth_single
619	耶	U+8036	耶	fullwidth_single
620	搶	U+6436	搶	fullwidth_single
621	劫	U+52AB	劫	fullwidth_single
622	豈	U+8C48	豈	fullwidth_single
623	止	U+6B62	止	fullwidth_single
624	而	U+800C	而	fullwidth_single
625	批	U+6279	批	fullwidth_single
626	橫	U+6A6B	橫	fullwidth_single
627	沿	U+6CBF	沿	fullwidth_single
628	貨	U+8CA8	貨	fullwidth_single
629	所	U+6240	所	fullwidth_single
630	為	U+70BA	為	fullwidth_single
631	架	U+67B6	架	fullwidth_single
632	奉	U+5949	奉	fullwidth_single
633	陪	U+966A	陪	fullwidth_single
634	門	U+9580	門	fullwidth_single
635	都	U+90FD	都	fullwidth_single
636	筋	U+7B4B	筋	fullwidth_single
637	骨	U+9AA8	骨	fullwidth_single
638	問	U+554F	問	fullwidth_single
639	題	U+984C	題	fullwidth_single
640	癢	U+7662	癢	fullwidth_single
641	難	U+96E3	難	fullwidth_single
642	熬	U+71AC	熬	fullwidth_single
643	受	U+53D7	受	fullwidth_single
644	啦	U+5566	啦	fullwidth_single
645	喂	U+5582	喂	fullwidth_single
646	乖	U+4E56	乖	fullwidth_single
647	財	U+8CA1	財	fullwidth_single
648	和	U+548C	和	fullwidth_single
649	漂	U+6F02	漂	fullwidth_single
650	亮	U+4EAE	亮	fullwidth_single
651	妞	U+599E	妞	fullwidth_single
652	面	U+9762	面	fullwidth_single
653	話	U+8A71	話	fullwidth_single
654	保	U+4FDD	保	fullwidth_single
655	然	U+7136	然	fullwidth_single
656	亂	U+4E82	亂	fullwidth_single
657	宰	U+5BB0	宰	fullwidth_single
658	呀	U+5440	呀	fullwidth_single
659	看	U+770B	看	fullwidth_single
660	想	U+60F3	想	fullwidth_single
661	抵	U+62B5	抵	fullwidth_single
662	抗	U+6297	抗	fullwidth_single
663	赦	U+8D66	赦	fullwidth_single
664	吵	U+5435	吵	fullwidth_single
665	底	U+5E95	底	fullwidth_single
666	搞	U+641E	搞	fullwidth_single
667	爸	U+7238	爸	fullwidth_single
668	待	U+5F85	待	fullwidth_single
669	客	U+5BA2	客	fullwidth_single
670	居	U+5C45	居	fullwidth_single
671	膽	U+81BD	膽	fullwidth_single
672	該	U+8A72	該	fullwidth_single
673	怎	U+600E	怎	fullwidth_single
674	辦	U+8FA6	辦	fullwidth_single
675	絕	U+7D55	絕	fullwidth_single
676	佳	U+4F73	佳	fullwidth_single
677	歷	U+6B77	歷	fullwidth_single
678	練	U+7DF4	練	fullwidth_single
679	幫	U+5E6B	幫	fullwidth_single
680	忙	U+5FD9	忙	fullwidth_single
681	幹	U+5E79	幹	fullwidth_single
682	若	U+82E5	若	fullwidth_single
683	傷	U+50B7	傷	fullwidth_single
684	別	U+5225	別	fullwidth_single
685	湊	U+6E4A	湊	fullwidth_single
686	熱	U+71B1	熱	fullwidth_single
687	鬧	U+9B27	鬧	fullwidth_single
688	緊	U+7DCA	緊	fullwidth_single
689	張	U+5F35	張	fullwidth_single
690	用	U+7528	用	fullwidth_single
691	著	U+8457	著	fullwidth_single
692	哎	U+54CE	哎	fullwidth_single
693	意	U+610F	意	fullwidth_single
694	也	U+4E5F	也	fullwidth_single
695	幾	U+5E7E	幾	fullwidth_single
696	句	U+53E5	句	fullwidth_single
697	樣	U+6A23	樣	fullwidth_single
698	如	U+5982	如	fullwidth_single
699	聲	U+8072	聲	fullwidth_single
700	年	U+5E74	年	fullwidth_single
701	輕	U+8F15	輕	fullwidth_single
702	咦	U+54A6	咦	fullwidth_single
703	弟	U+5F1F	弟	fullwidth_single
704	兄	U+5144	兄	fullwidth_single
705	陷	U+9677	陷	fullwidth_single
706	苦	U+82E6	苦	fullwidth_single
707	收	U+6536	收	fullwidth_single
708	拾	U+62FE	拾	fullwidth_single
709	勞	U+52DE	勞	fullwidth_single
710	怕	U+6015	怕	fullwidth_single
711	笑	U+7B11	笑	fullwidth_single
712	哼	U+54FC	哼	fullwidth_single
713	又	U+53C8	又	fullwidth_single
714	概	U+6982	概	fullwidth_single
715	總	U+7E3D	總	fullwidth_single
716	算	U+7B97	算	fullwidth_single
717	對	U+5C0D	對	fullwidth_single
718	處	U+8655	處	fullwidth_single
719	付	U+4ED8	付	fullwidth_single
720	種	U+7A2E	種	fullwidth_single
721	煩	U+7169	煩	fullwidth_single
722	當	U+7576	當	fullwidth_single
723	非	U+975E	非	fullwidth_single
724	莫	U+83AB	莫	fullwidth_single
725	屬	U+5C6C	屬	fullwidth_single
726	讓	U+8B93	讓	fullwidth_single
727	朋	U+670B	朋	fullwidth_single
728	友	U+53CB	友	fullwidth_single
729	喜	U+559C	喜	fullwidth_single
730	孩	U+5B69	孩	fullwidth_single
731	逞	U+901E	逞	fullwidth_single
732	胡	U+80E1	胡	fullwidth_single
733	兩	U+5169	兩	fullwidth_single
734	後	U+5F8C	後	fullwidth_single
735	遲	U+9072	遲	fullwidth_single
736	滾	U+6EFE	滾	fullwidth_single
737	討	U+8A0E	討	fullwidth_single
738	厭	U+53AD	厭	fullwidth_single
739	很	U+5F88	很	fullwidth_single
740	兇	U+5147	兇	fullwidth_single
741	正	U+6B63	正	fullwidth_single
742	建	U+5EFA	建	fullwidth_single
743	功	U+529F	功	fullwidth_single
744	良	U+826F	良	fullwidth_single
745	今	U+4ECA	今	fullwidth_single
746	國	U+570B	國	fullwidth_single
747	巡	U+5DE1	巡	fullwidth_single
748	肆	U+8086	肆	fullwidth_single
749	虐	U+8650	虐	fullwidth_single
750	責	U+8CAC	責	fullwidth_single
751	各	U+5404	各	fullwidth_single
752	位	U+4F4D	位	fullwidth_single
753	扯	U+626F	扯	fullwidth_single
754	高	U+9AD8	高	fullwidth_single
755	興	U+8208	興	fullwidth_single
756	才	U+624D	才	fullwidth_single
757	攪	U+652A	攪	fullwidth_single
758	局	U+5C40	局	fullwidth_single
759	踏	U+8E0F	踏	fullwidth_single
760	盤	U+76E4	盤	fullwidth_single
761	至	U+81F3	至	fullwidth_single
762	氣	U+6C23	氣	fullwidth_single
763	關	U+95DC	關	fullwidth_single
764	係	U+4FC2	係	fullwidth_single
765	屋	U+5C4B	屋	fullwidth_single
766	裏	U+88CF	裏	fullwidth_single
767	擋	U+64CB	擋	fullwidth_single
768	敢	U+6562	敢	fullwidth_single
769	砍	U+780D	砍	fullwidth_single
770	拼	U+62FC	拼	fullwidth_single
771	恨	U+6068	恨	fullwidth_single
772	日	U+65E5	日	fullwidth_single
773	碰	U+78B0	碰	fullwidth_single
774	棘	U+68D8	棘	fullwidth_single
775	遇	U+9047	遇	fullwidth_single
776	爹	U+7239	爹	fullwidth_single
777	公	U+516C	公	fullwidth_single
778	顺	U+987A	顺	fullwidth_single
779	敗	U+6557	敗	fullwidth_single
780	住	U+4F4F	住	fullwidth_single
781	偶	U+5076	偶	fullwidth_single
782	遊	U+904A	遊	fullwidth_single
783	常	U+5E38	常	fullwidth_single
784	閒	U+9592	閒	fullwidth_single
785	倒	U+5012	倒	fullwidth_single
786	求	U+6C42	求	fullwidth_single
787	望	U+671B	望	fullwidth_single
788	同	U+540C	同	fullwidth_single
789	見	U+898B	見	fullwidth_single
790	識	U+8B58	識	fullwidth_single
791	番	U+756A	番	fullwidth_single
792	相	U+76F8	相	fullwidth_single
793	信	U+4FE1	信	fullwidth_single
794	伴	U+4F34	伴	fullwidth_single
795	路	U+8DEF	路	fullwidth_single
796	比	U+6BD4	比	fullwidth_single
797	較	U+8F03	較	fullwidth_single
798	太	U+592A	太	fullwidth_single
799	招	U+62DB	招	fullwidth_single
800	危	U+5371	危	fullwidth_single
801	協	U+5354	協	fullwidth_single
802	間	U+9593	間	fullwidth_single
803	差	U+5DEE	差	fullwidth_single
804	準	U+6E96	準	fullwidth_single
805	拜	U+62DC	拜	fullwidth_single
806	託	U+8A17	託	fullwidth_single
807	走	U+8D70	走	fullwidth_single
808	囉	U+56C9	囉	fullwidth_single
809	奈	U+5948	奈	fullwidth_single
810	野	U+91CE	野	fullwidth_single
811	捏	U+634F	捏	fullwidth_single
812	最	U+6700	最	fullwidth_single
813	繁	U+7E41	繁	fullwidth_single
814	榮	U+69AE	榮	fullwidth_single
815	歇	U+6B47	歇	fullwidth_single
816	便	U+4FBF	便	fullwidth_single
817	情	U+60C5	情	fullwidth_single
818	誤	U+8AA4	誤	fullwidth_single
819	半	U+534A	半	fullwidth_single
820	次	U+6B21	次	fullwidth_single
821	強	U+5F37	強	fullwidth_single
822	逃	U+9003	逃	fullwidth_single
823	清	U+6E05	清	fullwidth_single
824	楚	U+695A	楚	fullwidth_single
825	助	U+52A9	助	fullwidth_single
826	唉	U+5509	唉	fullwidth_single
827	毛	U+6BDB	毛	fullwidth_single
828	做	U+505A	做	fullwidth_single
829	窮	U+7AAE	窮	fullwidth_single
830	團	U+5718	團	fullwidth_single
831	預	U+9810	預	fullwidth_single
832	告	U+544A	告	fullwidth_single
833	洗	U+6D17	洗	fullwidth_single
834	糟	U+7CDF	糟	fullwidth_single
835	照	U+7167	照	fullwidth_single
836	准	U+51C6	准	fullwidth_single
837	留	U+7559	留	fullwidth_single
838	猖	U+7316	猖	fullwidth_single
839	訓	U+8A13	訓	fullwidth_single
840	頓	U+9813	頓	fullwidth_single
841	悔	U+6094	悔	fullwidth_single
842	改	U+6539	改	fullwidth_single
843	贊	U+8D0A	贊	fullwidth_single
844	既	U+65E2	既	fullwidth_single
845	玩	U+73A9	玩	fullwidth_single
846	早	U+65E9	早	fullwidth_single
847	勁	U+52C1	勁	fullwidth_single
848	漏	U+6F0F	漏	fullwidth_single
849	網	U+7DB2	網	fullwidth_single
850	魚	U+9B5A	魚	fullwidth_single
851	救	U+6551	救	fullwidth_single
852	分	U+5206	分	fullwidth_single
853	管	U+7BA1	管	fullwidth_single
854	辜	U+8F9C	辜	fullwidth_single
855	南	U+5357	南	fullwidth_single
856	思	U+601D	思	fullwidth_single
857	棒	U+68D2	棒	fullwidth_single
858	哪	U+54EA	哪	fullwidth_single
859	蹦	U+8E66	蹦	fullwidth_single
860	丫	U+4E2B	丫	fullwidth_single
861	剛	U+525B	剛	fullwidth_single
862	直	U+76F4	直	fullwidth_single
863	躲	U+8EB2	躲	fullwidth_single
864	戲	U+6232	戲	fullwidth_single
865	姐	U+59D0	姐	fullwidth_single
866	只	U+53EA	只	fullwidth_single
867	應	U+61C9	應	fullwidth_single
868	醫	U+91AB	醫	fullwidth_single
869	憶	U+61B6	憶	fullwidth_single
870	症	U+75C7	症	fullwidth_single
871	並	U+4E26	並	fullwidth_single
872	且	U+4E14	且	fullwidth_single
873	她	U+5979	她	fullwidth_single
874	簡	U+7C21	簡	fullwidth_single
875	單	U+55AE	單	fullwidth_single
876	撿	U+64BF	撿	fullwidth_single
877	找	U+627E	找	fullwidth_single
878	雖	U+96D6	雖	fullwidth_single
879	但	U+4F46	但	fullwidth_single
880	甚	U+751A	甚	fullwidth_single
881	某	U+67D0	某	fullwidth_single
882	主	U+4E3B	主	fullwidth_single
883	因	U+56E0	因	fullwidth_single
884	設	U+8A2D	設	fullwidth_single
885	渡	U+6E21	渡	fullwidth_single
886	奇	U+5947	奇	fullwidth_single
887	附	U+9644	附	fullwidth_single
888	條	U+689D	條	fullwidth_single
889	盡	U+76E1	盡	fullwidth_single
890	跟	U+8DDF	跟	fullwidth_single
891	恐	U+6050	恐	fullwidth_single
892	楣	U+6963	楣	fullwidth_single
893	哥	U+54E5	哥	fullwidth_single
894	何	U+4F55	何	fullwidth_single
895	險	U+96AA	險	fullwidth_single
896	操	U+64CD	操	fullwidth_single
897	份	U+4EFD	份	fullwidth_single
898	負	U+8CA0	負	fullwidth_single
899	添	U+6DFB	添	fullwidth_single
900	哇	U+54C7	哇	fullwidth_single
901	橋	U+6A4B	橋	fullwidth_single
902	聞	U+805E	聞	fullwidth_single
903	名	U+540D	名	fullwidth_single
904	賽	U+8CFD	賽	fullwidth_single
905	追	U+8FFD	追	fullwidth_single
906	仇	U+4EC7	仇	fullwidth_single
907	自	U+81EA	自	fullwidth_single
908	己	U+5DF1	己	fullwidth_single
909	蠻	U+883B	蠻	fullwidth_single
910	講	U+8B1B	講	fullwidth_single
911	認	U+8A8D	認	fullwidth_single
912	親	U+89AA	親	fullwidth_single
913	：	U+FF1A	：	fullwidth_single
914	令	U+4EE4	令	fullwidth_single
915	訴	U+8A34	訴	fullwidth_single
916	葛	U+845B	葛	fullwidth_single
917	胸	U+80F8	胸	fullwidth_single
918	狹	U+72F9	狹	fullwidth_single
919	窄	U+7A84	窄	fullwidth_single
920	禁	U+7981	禁	fullwidth_single
921	爭	U+722D	爭	fullwidth_single
922	奪	U+596A	奪	fullwidth_single
923	蘿	U+863F	蘿	fullwidth_single
924	秘	U+79D8	秘	fullwidth_single
925	遺	U+907A	遺	fullwidth_single
926	憾	U+61BE	憾	fullwidth_single
927	愛	U+611B	愛	fullwidth_single
928	聚	U+805A	聚	fullwidth_single
929	避	U+907F	避	fullwidth_single
930	究	U+7A76	究	fullwidth_single
931	安	U+5B89	安	fullwidth_single
932	葬	U+846C	葬	fullwidth_single
933	罷	U+7F77	罷	fullwidth_single
934	土	U+571F	土	fullwidth_single
935	證	U+8B49	證	fullwidth_single
936	隨	U+96A8	隨	fullwidth_single
937	反	U+53CD	反	fullwidth_single
938	副	U+526F	副	fullwidth_single
939	故	U+6545	故	fullwidth_single
940	罕	U+7F55	罕	fullwidth_single
941	嫌	U+5ACC	嫌	fullwidth_single
942	剩	U+5269	剩	fullwidth_single
943	碗	U+7897	碗	fullwidth_single
944	糕	U+7CD5	糕	fullwidth_single
945	抄	U+6284	抄	fullwidth_single
946	近	U+8FD1	近	fullwidth_single
947	隱	U+96B1	隱	fullwidth_single
948	干	U+5E72	干	fullwidth_single
949	屁	U+5C41	屁	fullwidth_single
950	礙	U+7919	礙	fullwidth_single
951	錯	U+932F	錯	fullwidth_single
952	偷	U+5077	偷	fullwidth_single
953	襲	U+8972	襲	fullwidth_single
954	嗷	U+55F7	嗷	fullwidth_single
955	鳴	U+9CF4	鳴	fullwidth_single
956	吼	U+543C	吼	fullwidth_single
957	趣	U+8DA3	趣	fullwidth_single
958	呵	U+5475	呵	fullwidth_single
959	夢	U+5922	夢	fullwidth_single
960	莊	U+838A	莊	fullwidth_single
961	侵	U+4FB5	侵	fullwidth_single
962	犯	U+72AF	犯	fullwidth_single
963	視	U+8996	視	fullwidth_single
964	吃	U+5403	吃	fullwidth_single
965	厲	U+53B2	厲	fullwidth_single
966	害	U+5BB3	害	fullwidth_single
967	低	U+4F4E	低	fullwidth_single
968	酬	U+916C	酬	fullwidth_single
969	緻	U+7DFB	緻	fullwidth_single
970	數	U+6578	數	fullwidth_single
971	庇	U+5E87	庇	fullwidth_single
972	遭	U+906D	遭	fullwidth_single
973	罰	U+7F70	罰	fullwidth_single
974	規	U+898F	規	fullwidth_single
975	替	U+66FF	替	fullwidth_single
976	及	U+53CA	及	fullwidth_single
977	～	U+FF5E	～	fullwidth_single
978	甘	U+7518	甘	fullwidth_single
979	代	U+4EE3	代	fullwidth_single
980	表	U+8868	表	fullwidth_single
981	致	U+81F4	致	fullwidth_single
982	答	U+7B54	答	fullwidth_single
983	否	U+5426	否	fullwidth_single
984	任	U+4EFB	任	fullwidth_single
985	樂	U+6A02	樂	fullwidth_single
986	免	U+514D	免	fullwidth_single
987	病	U+75C5	病	fullwidth_single
988	曾	U+66FE	曾	fullwidth_single
989	陣	U+9663	陣	fullwidth_single
990	據	U+64DA	據	fullwidth_single
991	肢	U+80A2	肢	fullwidth_single
992	疾	U+75BE	疾	fullwidth_single
993	産	U+7523	産	fullwidth_single
994	響	U+97FF	響	fullwidth_single
995	嗄	U+55C4	嗄	fullwidth_single
996	超	U+8D85	超	fullwidth_single
997	歩	U+6B69	歩	fullwidth_single
998	急	U+6025	急	fullwidth_single
999	另	U+53E6	另	fullwidth_single
1000	試	U+8A66	試	fullwidth_single
1001	賢	U+8CE2	賢	fullwidth_single
1002	部	U+90E8	部	fullwidth_single
1003	廣	U+5EE3	廣	fullwidth_single
1004	寧	U+5BE7	寧	fullwidth_single
1005	互	U+4E92	互	fullwidth_single
1006	顧	U+9867	顧	fullwidth_single
1007	妥	U+59A5	妥	fullwidth_single
1008	瘋	U+760B	瘋	fullwidth_single
1009	邏	U+908F	邏	fullwidth_single
1010	站	U+7AD9	站	fullwidth_single
1011	抱	U+62B1	抱	fullwidth_single
1012	歉	U+6B49	歉	fullwidth_single
1013	艾	U+827E	艾	fullwidth_single
1014	迪	U+8FEA	迪	fullwidth_single
1015	·	U+00B7	·	fullwidth_single
1016	沙	U+6C99	沙	fullwidth_single
1017	夥	U+5925	夥	fullwidth_single
1018	維	U+7DAD	維	fullwidth_single
1019	跑	U+8DD1	跑	fullwidth_single
1020	擒	U+64D2	擒	fullwidth_single
1021	派	U+6D3E	派	fullwidth_single
1022	抓	U+6293	抓	fullwidth_single
1023	逮	U+902E	逮	fullwidth_single
1024	捕	U+6355	捕	fullwidth_single
1025	緝	U+7DDD	緝	fullwidth_single
1026	拒	U+62D2	拒	fullwidth_single
1027	格	U+683C	格	fullwidth_single
1028	勿	U+52FF	勿	fullwidth_single
1029	論	U+8AD6	論	fullwidth_single
1030	嘍	U+560D	嘍	fullwidth_single
1031	撐	U+6490	撐	fullwidth_single
1032	匪	U+532A	匪	fullwidth_single
1033	徒	U+5F92	徒	fullwidth_single
1034	技	U+6280	技	fullwidth_single
1035	掌	U+638C	掌	fullwidth_single
1036	切	U+5207	切	fullwidth_single
1037	--	U+002D U+002D	--	halfwidth_pair
1038	史	U+53F2	史	fullwidth_single
1039	境	U+5883	境	fullwidth_single
1040	調	U+8ABF	調	fullwidth_single
1041	查	U+67E5	查	fullwidth_single
1042	肯	U+80AF	肯	fullwidth_single
1043	釋	U+91CB	釋	fullwidth_single
1044	樁	U+6A01	樁	fullwidth_single
1045	蹤	U+8E64	蹤	fullwidth_single
1046	嚴	U+56B4	嚴	fullwidth_single
1047	碼	U+78BC	碼	fullwidth_single
1048	熟	U+719F	熟	fullwidth_single
1049	陰	U+9670	陰	fullwidth_single
1050	謀	U+8B00	謀	fullwidth_single
1051	立	U+7ACB	立	fullwidth_single
1052	刻	U+523B	刻	fullwidth_single
1053	委	U+59D4	委	fullwidth_single
1054	趟	U+8D9F	趟	fullwidth_single
1055	怨	U+6028	怨	fullwidth_single
1056	投	U+6295	投	fullwidth_single
1057	擔	U+64D4	擔	fullwidth_single
1058	啟	U+555F	啟	fullwidth_single
1059	程	U+7A0B	程	fullwidth_single
1060	弄	U+5F04	弄	fullwidth_single
1061	詭	U+8A6D	詭	fullwidth_single
1062	計	U+8A08	計	fullwidth_single
1063	拖	U+62D6	拖	fullwidth_single
1064	延	U+5EF6	延	fullwidth_single
1065	勉	U+52C9	勉	fullwidth_single
1066	姑	U+59D1	姑	fullwidth_single
1067	娘	U+5A18	娘	fullwidth_single
1068	覺	U+89BA	覺	fullwidth_single
1069	臉	U+81C9	臉	fullwidth_single
1070	養	U+990A	養	fullwidth_single
1071	月	U+6708	月	fullwidth_single
1072	毆	U+6BC6	毆	fullwidth_single
1073	駐	U+99D0	駐	fullwidth_single
1074	罪	U+7F6A	罪	fullwidth_single
1075	明	U+660E	明	fullwidth_single
1076	瞄	U+7784	瞄	fullwidth_single
1077	圍	U+570D	圍	fullwidth_single
1078	睜	U+775C	睜	fullwidth_single
1079	欺	U+6B3A	欺	fullwidth_single
1080	陛	U+965B	陛	fullwidth_single
1081	諒	U+8AD2	諒	fullwidth_single
1082	銳	U+92B3	銳	fullwidth_single
1083	睡	U+7761	睡	fullwidth_single
1084	包	U+5305	包	fullwidth_single
1085	嚇	U+5687	嚇	fullwidth_single
1086	跳	U+8DF3	跳	fullwidth_single
1087	願	U+9858	願	fullwidth_single
1088	考	U+8003	考	fullwidth_single
1089	慮	U+616E	慮	fullwidth_single
1090	透	U+900F	透	fullwidth_single
1091	露	U+9732	露	fullwidth_single
1092	愁	U+6101	愁	fullwidth_single
1093	宜	U+5B9C	宜	fullwidth_single
1094	魄	U+9B44	魄	fullwidth_single
1095	更	U+66F4	更	fullwidth_single
1096	堡	U+5821	堡	fullwidth_single
1097	癡	U+7661	癡	fullwidth_single
1098	禮	U+79AE	禮	fullwidth_single
1099	后	U+540E	后	fullwidth_single
1100	擁	U+64C1	擁	fullwidth_single
1101	「	U+300C	「	fullwidth_single
1102	淚	U+6DDA	淚	fullwidth_single
1103	」	U+300D	」	fullwidth_single
1104	飾	U+98FE	飾	fullwidth_single
1105	殿	U+6BBF	殿	fullwidth_single
1106	鑿	U+947F	鑿	fullwidth_single
1107	餘	U+9918	餘	fullwidth_single
1108	吩	U+5429	吩	fullwidth_single
1109	咐	U+5490	咐	fullwidth_single
1110	黨	U+9EE8	黨	fullwidth_single
1111	違	U+9055	違	fullwidth_single
1112	律	U+5F8B	律	fullwidth_single
1113	捨	U+6368	捨	fullwidth_single
1114	逆	U+9006	逆	fullwidth_single
1115	遵	U+9075	遵	fullwidth_single
1116	冒	U+5192	冒	fullwidth_single
1117	變	U+8B8A	變	fullwidth_single
1118	父	U+7236	父	fullwidth_single
1119	宮	U+5BAE	宮	fullwidth_single
1120	勢	U+52E2	勢	fullwidth_single
1121	混	U+6DF7	混	fullwidth_single
1122	容	U+5BB9	容	fullwidth_single
1123	仍	U+4ECD	仍	fullwidth_single
1124	忠	U+5FE0	忠	fullwidth_single
1125	誓	U+8A93	誓	fullwidth_single
1126	借	U+501F	借	fullwidth_single
1127	聰	U+8070	聰	fullwidth_single
1128	撤	U+64A4	撤	fullwidth_single
1129	唔	U+5514	唔	fullwidth_single
1130	寢	U+5BE2	寢	fullwidth_single
1131	幸	U+5E78	幸	fullwidth_single
1132	驚	U+9A5A	驚	fullwidth_single
1133	侍	U+4F8D	侍	fullwidth_single
1134	駕	U+99D5	駕	fullwidth_single
1135	倖	U+5016	倖	fullwidth_single
1136	於	U+65BC	於	fullwidth_single
1137	揚	U+63DA	揚	fullwidth_single
1138	言	U+8A00	言	fullwidth_single
1139	床	U+5E8A	床	fullwidth_single
1140	搜	U+641C	搜	fullwidth_single
1141	疑	U+7591	疑	fullwidth_single
1142	例	U+4F8B	例	fullwidth_single
1143	惹	U+60F9	惹	fullwidth_single
1144	臣	U+81E3	臣	fullwidth_single
1145	荒	U+8352	荒	fullwidth_single
1146	謬	U+8B2C	謬	fullwidth_single
1147	持	U+6301	持	fullwidth_single
1148	臥	U+81E5	臥	fullwidth_single
1149	佈	U+4F48	佈	fullwidth_single
1150	勾	U+52FE	勾	fullwidth_single
1151	將	U+5C07	將	fullwidth_single
1152	叛	U+53DB	叛	fullwidth_single
1153	奸	U+5978	奸	fullwidth_single
1154	騙	U+9A19	騙	fullwidth_single
1155	贖	U+8D16	贖	fullwidth_single
1156	房	U+623F	房	fullwidth_single
1157	忽	U+5FFD	忽	fullwidth_single
1158	慘	U+6158	慘	fullwidth_single
1159	省	U+7701	省	fullwidth_single
1160	供	U+4F9B	供	fullwidth_single
1161	瀑	U+7011	瀑	fullwidth_single
1162	晚	U+665A	晚	fullwidth_single
1163	擄	U+64C4	擄	fullwidth_single
1164	偽	U+507D	偽	fullwidth_single
1165	稱	U+7A31	稱	fullwidth_single
1166	假	U+5047	假	fullwidth_single
1167	義	U+7FA9	義	fullwidth_single
1168	號	U+865F	號	fullwidth_single
1169	藉	U+85C9	藉	fullwidth_single
1170	枕	U+6795	枕	fullwidth_single
1171	愛	U+611B	愛	fullwidth_single
1172	愚	U+611A	愚	fullwidth_single
1173	昧	U+6627	昧	fullwidth_single
1174	遞	U+905E	遞	fullwidth_single
1175	監	U+76E3	監	fullwidth_single
1176	痛	U+75DB	痛	fullwidth_single
1177	幕	U+5E55	幕	fullwidth_single
1178	儘	U+5118	儘	fullwidth_single
1179	萬	U+842C	萬	fullwidth_single
1180	憑	U+6191	憑	fullwidth_single
1181	譽	U+8B7D	譽	fullwidth_single
1182	努	U+52AA	努	fullwidth_single
1183	承	U+627F	承	fullwidth_single
1184	纏	U+7E8F	纏	fullwidth_single
1185	卒	U+5352	卒	fullwidth_single
1186	饒	U+9952	饒	fullwidth_single
1187	綁	U+7D81	綁	fullwidth_single
1188	、	U+3001	、	fullwidth_single
1189	端	U+7AEF	端	fullwidth_single
1190	車	U+8ECA	車	fullwidth_single
1191	匙	U+5319	匙	fullwidth_single
1192	悶	U+60B6	悶	fullwidth_single
1193	祖	U+7956	祖	fullwidth_single
1194	它	U+5B83	它	fullwidth_single
1195	逼	U+903C	逼	fullwidth_single
1196	拷	U+62F7	拷	fullwidth_single
1197	執	U+57F7	執	fullwidth_single
1198	掌	U+638C	掌	fullwidth_single
1199	料	U+6599	料	fullwidth_single
1200	舊	U+820A	舊	fullwidth_single
1201	併	U+4F75	併	fullwidth_single
1202	貢	U+8CA2	貢	fullwidth_single
1203	獻	U+737B	獻	fullwidth_single
1204	虔	U+8654	虔	fullwidth_single
1205	誠	U+8AA0	誠	fullwidth_single
1206	阻	U+963B	阻	fullwidth_single
1207	感	U+611F	感	fullwidth_single
1208	脅	U+8105	脅	fullwidth_single
1209	瘦	U+7626	瘦	fullwidth_single
1210	充	U+5145	充	fullwidth_single
1211	裕	U+88D5	裕	fullwidth_single
1212	初	U+521D	初	fullwidth_single
1213	異	U+7570	異	fullwidth_single
1214	議	U+8B70	議	fullwidth_single
1215	排	U+6392	排	fullwidth_single
1216	諸	U+8AF8	諸	fullwidth_single
1217	繼	U+7E7C	繼	fullwidth_single
1218	續	U+7E8C	續	fullwidth_single
1219	段	U+6BB5	段	fullwidth_single
1220	氛	U+6C1B	氛	fullwidth_single
1221	景	U+666F	景	fullwidth_single
1222	頗	U+9817	頗	fullwidth_single
1223	陌	U+964C	陌	fullwidth_single
1224	妨	U+59A8	妨	fullwidth_single
1225	智	U+667A	智	fullwidth_single
1226	卻	U+537B	卻	fullwidth_single
1227	隔	U+9694	隔	fullwidth_single
1228	壁	U+58C1	壁	fullwidth_single
1229	穆	U+7A46	穆	fullwidth_single
1230	迷	U+8FF7	迷	fullwidth_single
1231	籠	U+7C60	籠	fullwidth_single
1232	罩	U+7F69	罩	fullwidth_single
1233	誡	U+8AA1	誡	fullwidth_single
1234	千	U+5343	千	fullwidth_single
1235	界	U+754C	界	fullwidth_single
1236	伺	U+4F3A	伺	fullwidth_single
1237	趁	U+8D81	趁	fullwidth_single
1238	賴	U+8CF4	賴	fullwidth_single
1239	驅	U+9A45	驅	fullwidth_single
1240	童	U+7AE5	童	fullwidth_single
1241	囑	U+56D1	囑	fullwidth_single
1242	鄉	U+9109	鄉	fullwidth_single
1243	停	U+505C	停	fullwidth_single
1244	嚮	U+56AE	嚮	fullwidth_single
1245	導	U+5C0E	導	fullwidth_single
1246	額	U+984D	額	fullwidth_single
1247	瞭	U+77AD	瞭	fullwidth_single
1248	唆	U+5506	唆	fullwidth_single
1249	咱	U+54B1	咱	fullwidth_single
1250	昨	U+6628	昨	fullwidth_single
1251	談	U+8AC7	談	fullwidth_single
1252	牠	U+7260	牠	fullwidth_single
1253	警	U+8B66	警	fullwidth_single
1254	龐	U+9F90	龐	fullwidth_single
1255	集	U+96C6	集	fullwidth_single
1256	營	U+71DF	營	fullwidth_single
1257	袖	U+8896	袖	fullwidth_single
1258	旁	U+65C1	旁	fullwidth_single
1259	觀	U+89C0	觀	fullwidth_single
1260	恙	U+6059	恙	fullwidth_single
1261	花	U+82B1	花	fullwidth_single
1262	紀	U+7D00	紀	fullwidth_single
1263	巧	U+5DE7	巧	fullwidth_single
1264	囤	U+56E4	囤	fullwidth_single
1265	宣	U+5BA3	宣	fullwidth_single
1266	戮	U+622E	戮	fullwidth_single
1267	殆	U+6B86	殆	fullwidth_single
1268	仰	U+4EF0	仰	fullwidth_single
1269	翻	U+7FFB	翻	fullwidth_single
1270	典	U+5178	典	fullwidth_single
1271	型	U+578B	型	fullwidth_single
1272	殲	U+6BB2	殲	fullwidth_single
1273	隻	U+96BB	隻	fullwidth_single
1274	癮	U+766E	癮	fullwidth_single
1275	藝	U+85DD	藝	fullwidth_single
1276	醒	U+9192	醒	fullwidth_single
1277	猴	U+7334	猴	fullwidth_single
1278	注	U+6CE8	注	fullwidth_single
1279	堆	U+5806	堆	fullwidth_single
1280	笨	U+7B28	笨	fullwidth_single
1281	蛋	U+86CB	蛋	fullwidth_single
1282	務	U+52D9	務	fullwidth_single
1283	率	U+7387	率	fullwidth_single
1284	熊	U+718A	熊	fullwidth_single
1285	背	U+80CC	背	fullwidth_single
1286	模	U+6A21	模	fullwidth_single
1287	欠	U+6B20	欠	fullwidth_single
1288	揍	U+63CD	揍	fullwidth_single
1289	妙	U+5999	妙	fullwidth_single
1290	雜	U+96DC	雜	fullwidth_single
1291	足	U+8DB3	足	fullwidth_single
1292	永	U+6C38	永	fullwidth_single
1293	恆	U+6046	恆	fullwidth_single
1294	攜	U+651C	攜	fullwidth_single
1295	貴	U+8CB4	貴	fullwidth_single
1296	引	U+5F15	引	fullwidth_single
1297	繞	U+7E5E	繞	fullwidth_single
1298	價	U+50F9	價	fullwidth_single
1299	聊	U+804A	聊	fullwidth_single
1300	仗	U+4ED7	仗	fullwidth_single
1301	漢	U+6F22	漢	fullwidth_single
1302	縱	U+7E31	縱	fullwidth_single
1303	屠	U+5C60	屠	fullwidth_single
1304	兼	U+517C	兼	fullwidth_single
1305	囂	U+56C2	囂	fullwidth_single
1306	冷	U+51B7	冷	fullwidth_single
1307	慣	U+6163	慣	fullwidth_single
1308	溫	U+6EAB	溫	fullwidth_single
1309	暖	U+6696	暖	fullwidth_single
1310	習	U+7FD2	習	fullwidth_single
1311	徵	U+5FB5	徵	fullwidth_single
1312	兆	U+5146	兆	fullwidth_single
1313	易	U+6613	易	fullwidth_single
1314	新	U+65B0	新	fullwidth_single
1315	志	U+5FD7	志	fullwidth_single
1316	費	U+8CBB	費	fullwidth_single
1317	工	U+5DE5	工	fullwidth_single
1318	鍛	U+935B	鍛	fullwidth_single
1319	鍊	U+934A	鍊	fullwidth_single
1320	輩	U+8F29	輩	fullwidth_single
1321	醉	U+9189	醉	fullwidth_single
1322	辭	U+8FAD	辭	fullwidth_single
1323	惋	U+60CB	惋	fullwidth_single
1324	泛	U+6CDB	泛	fullwidth_single
1325	倚	U+501A	倚	fullwidth_single
1326	獨	U+7368	獨	fullwidth_single
1327	耗	U+8017	耗	fullwidth_single
1328	置	U+7F6E	置	fullwidth_single
1329	尋	U+5C0B	尋	fullwidth_single
1330	察	U+5BDF	察	fullwidth_single
1331	許	U+8A31	許	fullwidth_single
1332	采	U+91C7	采	fullwidth_single
1333	輸	U+8F38	輸	fullwidth_single
1334	揮	U+63EE	揮	fullwidth_single
1335	佩	U+4F69	佩	fullwidth_single
1336	閣	U+95A3	閣	fullwidth_single
1337	舉	U+8209	舉	fullwidth_single
1338	敬	U+656C	敬	fullwidth_single
1339	尊	U+5C0A	尊	fullwidth_single
1340	咈	U+5488	咈	fullwidth_single
1341	欣	U+6B23	欣	fullwidth_single
1342	賞	U+8CDE	賞	fullwidth_single
1343	滋	U+6ECB	滋	fullwidth_single
1344	味	U+5473	味	fullwidth_single
1345	美	U+7F8E	美	fullwidth_single
1346	貌	U+8C8C	貌	fullwidth_single
1347	驕	U+9A55	驕	fullwidth_single
1348	傲	U+50B2	傲	fullwidth_single
1349	折	U+6298	折	fullwidth_single
1350	霸	U+9738	霸	fullwidth_single
1351	愧	U+6127	愧	fullwidth_single
1352	圖	U+5716	圖	fullwidth_single
1353	浩	U+6D69	浩	fullwidth_single
1354	勝	U+52DD	勝	fullwidth_single
1355	迢	U+8FE2	迢	fullwidth_single
1356	形	U+5F62	形	fullwidth_single
1357	賤	U+8CE4	賤	fullwidth_single
1358	唯	U+552F	唯	fullwidth_single
1359	謎	U+8B0E	謎	fullwidth_single
1360	畫	U+756B	畫	fullwidth_single
1361	挑	U+6311	挑	fullwidth_single
1362	細	U+7D30	細	fullwidth_single
1363	迫	U+8FEB	迫	fullwidth_single
1364	懷	U+61F7	懷	fullwidth_single
1365	穴	U+7A74	穴	fullwidth_single
1366	；	U+FF1B	；	fullwidth_single
1367	掙	U+6399	掙	fullwidth_single
1368	脫	U+812B	脫	fullwidth_single
1369	繩	U+7E69	繩	fullwidth_single
1370	昇	U+6607	昇	fullwidth_single
1371	恰	U+6070	恰	fullwidth_single
1372	邀	U+9080	邀	fullwidth_single
1373	漠	U+6F20	漠	fullwidth_single
1374	態	U+614B	態	fullwidth_single
1375	期	U+671F	期	fullwidth_single
1376	乾	U+4E7E	乾	fullwidth_single
1377	脆	U+8106	脆	fullwidth_single
1378	恥	U+6065	恥	fullwidth_single
1379	筆	U+7B46	筆	fullwidth_single
1380	帳	U+5E33	帳	fullwidth_single
1381	禿	U+79BF	禿	fullwidth_single
1382	偏	U+504F	偏	fullwidth_single
1383	僻	U+50FB	僻	fullwidth_single
1384	靜	U+975C	靜	fullwidth_single
1385	吊	U+540A	吊	fullwidth_single
1386	岳	U+5CB3	岳	fullwidth_single
1387	頂	U+9802	頂	fullwidth_single
1388	構	U+69CB	構	fullwidth_single
1389	築	U+7BC9	築	fullwidth_single
1390	票	U+7968	票	fullwidth_single
1391	績	U+7E3E	績	fullwidth_single
1392	卓	U+5353	卓	fullwidth_single
1393	益	U+76CA	益	fullwidth_single
1394	獲	U+7372	獲	fullwidth_single
1395	豐	U+8C50	豐	fullwidth_single
1396	厚	U+539A	厚	fullwidth_single
1397	紋	U+7D0B	紋	fullwidth_single
1398	骷	U+9AB7	骷	fullwidth_single
1399	髏	U+9ACF	髏	fullwidth_single
1400	昭	U+662D	昭	fullwidth_single
1401	彰	U+5F70	彰	fullwidth_single
1402	專	U+5C08	專	fullwidth_single
1403	掠	U+63A0	掠	fullwidth_single
1404	賺	U+8CFA	賺	fullwidth_single
1405	腥	U+8165	腥	fullwidth_single
1406	剿	U+527F	剿	fullwidth_single
1407	聯	U+806F	聯	fullwidth_single
1408	左	U+5DE6	左	fullwidth_single
1409	右	U+53F3	右	fullwidth_single
1410	夾	U+593E	夾	fullwidth_single
1411	插	U+63D2	插	fullwidth_single
1412	翅	U+7FC5	翅	fullwidth_single
1413	造	U+9020	造	fullwidth_single
1414	則	U+5247	則	fullwidth_single
1415	涉	U+6D89	涉	fullwidth_single
1416	案	U+6848	案	fullwidth_single
1417	嘆	U+5606	嘆	fullwidth_single
1418	歲	U+6B72	歲	fullwidth_single
1419	靠	U+9760	靠	fullwidth_single
1420	奮	U+596E	奮	fullwidth_single
1421	敘	U+6558	敘	fullwidth_single
1422	崖	U+5D16	崖	fullwidth_single
1423	脈	U+8108	脈	fullwidth_single
1424	麗	U+9E97	麗	fullwidth_single
1425	濃	U+6FC3	濃	fullwidth_single
1426	陽	U+967D	陽	fullwidth_single
1427	損	U+640D	損	fullwidth_single
1428	魂	U+9B42	魂	fullwidth_single
1429	散	U+6563	散	fullwidth_single
1430	標	U+6A19	標	fullwidth_single
1431	蛛	U+86DB	蛛	fullwidth_single
1432	絲	U+7D72	絲	fullwidth_single
1433	跡	U+8DE1	跡	fullwidth_single
1434	塔	U+5854	塔	fullwidth_single
1435	源	U+6E90	源	fullwidth_single
1436	線	U+7DDA	線	fullwidth_single
1437	積	U+7A4D	積	fullwidth_single
1438	吞	U+541E	吞	fullwidth_single
1439	食	U+98DF	食	fullwidth_single
1440	咬	U+54AC	咬	fullwidth_single
1441	凡	U+51E1	凡	fullwidth_single
1442	摸	U+6478	摸	fullwidth_single
1443	貫	U+8CAB	貫	fullwidth_single
1444	謹	U+8B39	謹	fullwidth_single
1445	慎	U+614E	慎	fullwidth_single
1446	佑	U+4F51	佑	fullwidth_single
1447	深	U+6DF1	深	fullwidth_single
1448	遣	U+9063	遣	fullwidth_single
1449	阱	U+9631	阱	fullwidth_single
1450	百	U+767E	百	fullwidth_single
1451	旦	U+65E6	旦	fullwidth_single
1452	佔	U+4F54	佔	fullwidth_single
1453	堪	U+582A	堪	fullwidth_single
1454	覆	U+8986	覆	fullwidth_single
1455	介	U+4ECB	介	fullwidth_single
1456	周	U+5468	周	fullwidth_single
1457	嘎	U+560E	嘎	fullwidth_single
1458	吱	U+5431	吱	fullwidth_single
1459	哩	U+54E9	哩	fullwidth_single
1460	喀	U+5580	喀	fullwidth_single
1461	嚕	U+5695	嚕	fullwidth_single
1462	懂	U+61C2	懂	fullwidth_single
1463	語	U+8A9E	語	fullwidth_single
1464	刑	U+5211	刑	fullwidth_single
1465	乘	U+4E58	乘	fullwidth_single
1466	牽	U+727D	牽	fullwidth_single
1467	式	U+5F0F	式	fullwidth_single
1468	拯	U+62EF	拯	fullwidth_single
1469	俘	U+4FD8	俘	fullwidth_single
1470	虜	U+865C	虜	fullwidth_single
1471	俊	U+4FCA	俊	fullwidth_single
1472	傑	U+5091	傑	fullwidth_single
1473	雇	U+96C7	雇	fullwidth_single
1474	博	U+535A	博	fullwidth_single
1475	降	U+964D	降	fullwidth_single
1476	虧	U+8667	虧	fullwidth_single
1477	貧	U+8CA7	貧	fullwidth_single
1478	根	U+6839	根	fullwidth_single
1479	汗	U+6C57	汗	fullwidth_single
1480	頑	U+9811	頑	fullwidth_single
1481	傻	U+50BB	傻	fullwidth_single
1482	瓜	U+74DC	瓜	fullwidth_single
1483	哦	U+54E6	哦	fullwidth_single
1484	昔	U+6614	昔	fullwidth_single
1485	疏	U+758F	疏	fullwidth_single
1486	善	U+5584	善	fullwidth_single
1487	液	U+6DB2	液	fullwidth_single
1488	肩	U+80A9	肩	fullwidth_single
1489	旨	U+65E8	旨	fullwidth_single
1490	謂	U+8B02	謂	fullwidth_single
1491	館	U+9928	館	fullwidth_single
1492	研	U+7814	研	fullwidth_single
1493	籍	U+7C4D	籍	fullwidth_single
1494	載	U+8F09	載	fullwidth_single
1495	顆	U+9846	顆	fullwidth_single
1496	限	U+9650	限	fullwidth_single
1497	始	U+59CB	始	fullwidth_single
1498	斷	U+65B7	斷	fullwidth_single
1499	串	U+4E32	串	fullwidth_single
1500	暫	U+66AB	暫	fullwidth_single
1501	揣	U+63E3	揣	fullwidth_single
1502	測	U+6E2C	測	fullwidth_single
1503	即	U+5373	即	fullwidth_single
1504	蘊	U+860A	蘊	fullwidth_single
1505	含	U+542B	含	fullwidth_single
1506	闇	U+95C7	闇	fullwidth_single
1507	、	U+3001	、	fullwidth_single
1508	逐	U+9010	逐	fullwidth_single
1509	祇	U+7947	祇	fullwidth_single
1510	履	U+5C65	履	fullwidth_single
1511	予	U+4E88	予	fullwidth_single
1512	忘	U+5FD8	忘	fullwidth_single
1513	伊	U+4F0A	伊	fullwidth_single
1514	麾	U+9EBE	麾	fullwidth_single
1515	配	U+914D	配	fullwidth_single
1516	創	U+5275	創	fullwidth_single
1517	扁	U+6241	扁	fullwidth_single
1518	崇	U+5D07	崇	fullwidth_single
1519	牢	U+7262	牢	fullwidth_single
1520	卑	U+5351	卑	fullwidth_single
1521	蟲	U+87F2	蟲	fullwidth_single
1522	蟻	U+87FB	蟻	fullwidth_single
1523	徹	U+5FB9	徹	fullwidth_single
1524	整	U+6574	整	fullwidth_single
1525	攝	U+651D	攝	fullwidth_single
1526	牲	U+7272	牲	fullwidth_single
1527	拋	U+62CB	拋	fullwidth_single
1528	慧	U+6167	慧	fullwidth_single
1529	濟	U+6FDF	濟	fullwidth_single
1530	堂	U+5802	堂	fullwidth_single
1531	潰	U+6F70	潰	fullwidth_single
1532	援	U+63F4	援	fullwidth_single
1533	嵌	U+5D4C	嵌	fullwidth_single
1534	慶	U+6176	慶	fullwidth_single
1535	毫	U+6BEB	毫	fullwidth_single
1536	跋	U+8DCB	跋	fullwidth_single
1537	廢	U+5EE2	廢	fullwidth_single
1538	墟	U+589F	墟	fullwidth_single
1539	叔	U+53D4	叔	fullwidth_single
1540	母	U+6BCD	母	fullwidth_single
1541	健	U+5065	健	fullwidth_single
1542	淡	U+6DE1	淡	fullwidth_single
1543	喲	U+55B2	喲	fullwidth_single
1544	央	U+592E	央	fullwidth_single
1545	洲	U+6D32	洲	fullwidth_single
1546	瞞	U+779E	瞞	fullwidth_single
1547	篇	U+7BC7	篇	fullwidth_single
1548	嗶	U+55F6	嗶	fullwidth_single
1549	閉	U+9589	閉	fullwidth_single
1550	仔	U+4ED4	仔	fullwidth_single
1551	丘	U+4E18	丘	fullwidth_single
1552	災	U+707D	災	fullwidth_single
1553	厄	U+5384	厄	fullwidth_single
1554	懼	U+61FC	懼	fullwidth_single
1555	歸	U+6B78	歸	fullwidth_single
1556	沖	U+6C96	沖	fullwidth_single
1557	昏	U+660F	昏	fullwidth_single
1558	庭	U+5EAD	庭	fullwidth_single
1559	眾	U+773E	眾	fullwidth_single
1560	妹	U+59B9	妹	fullwidth_single
1561	疆	U+7586	疆	fullwidth_single
1562	欲	U+6B32	欲	fullwidth_single
1563	困	U+56F0	困	fullwidth_single
1564	煙	U+7159	煙	fullwidth_single
1565	雲	U+96F2	雲	fullwidth_single
1566	諭	U+8AED	諭	fullwidth_single
1567	擅	U+64C5	擅	fullwidth_single
1568	姿	U+59FF	姿	fullwidth_single
1569	誇	U+8A87	誇	fullwidth_single
1570	讚	U+8B9A	讚	fullwidth_single
1571	蹺	U+8E7A	蹺	fullwidth_single
1572	班	U+73ED	班	fullwidth_single
1573	穩	U+7A69	穩	fullwidth_single
1574	象	U+8C61	象	fullwidth_single
1575	熄	U+7184	熄	fullwidth_single
1576	棲	U+68F2	棲	fullwidth_single
1577	曉	U+66C9	曉	fullwidth_single
1578	域	U+57DF	域	fullwidth_single
1579	谷	U+8C37	谷	fullwidth_single
1580	腳	U+8173	腳	fullwidth_single
1581	踹	U+8E39	踹	fullwidth_single
1582	眠	U+7720	眠	fullwidth_single
1583	私	U+79C1	私	fullwidth_single
1584	爛	U+721B	爛	fullwidth_single
1585	摔	U+6454	摔	fullwidth_single
1586	峙	U+5CD9	峙	fullwidth_single
1587	債	U+50B5	債	fullwidth_single
1588	富	U+5BCC	富	fullwidth_single
1589	緣	U+7DE3	緣	fullwidth_single
1590	熔	U+7194	熔	fullwidth_single
1591	企	U+4F01	企	fullwidth_single
1592	爆	U+7206	爆	fullwidth_single
1593	穿	U+7A7F	穿	fullwidth_single
1594	禍	U+798D	禍	fullwidth_single
1595	析	U+6790	析	fullwidth_single
1596	盒	U+76D2	盒	fullwidth_single
1597	示	U+793A	示	fullwidth_single
1598	01	U+0030 U+0031	01	halfwidth_pair
1599	E0	U+0045 U+0030	E0	halfwidth_pair
1600	C2	U+0043 U+0032	C2	halfwidth_pair
1601	44	U+0034 U+0034	44	halfwidth_pair
1602	-F	U+002D U+0046	-F	halfwidth_pair
1603	E2	U+0045 U+0032	E2	halfwidth_pair
1604	C5	U+0043 U+0035	C5	halfwidth_pair
1605	19	U+0031 U+0039	19	halfwidth_pair
1606	32	U+0033 U+0032	32	halfwidth_pair
1607	27	U+0032 U+0037	27	halfwidth_pair
1608	99	U+0039 U+0039	99	halfwidth_pair
1609	43	U+0034 U+0033	43	halfwidth_pair
1610	資	U+8CC7	資	fullwidth_single
1611	迅	U+8FC5	迅	fullwidth_single
1612	哭	U+54ED	哭	fullwidth_single
1613	鼓	U+9F13	鼓	fullwidth_single
1614	庫	U+5EAB	庫	fullwidth_single
1615	#7	U+0023 U+0037	#7	halfwidth_pair
1616	33	U+0033 U+0033	33	halfwidth_pair
1617	24	U+0032 U+0034	24	halfwidth_pair
1618	隸	U+96B8	隸	fullwidth_single
1619	#2	U+0023 U+0032	#2	halfwidth_pair
1620	07	U+0030 U+0037	07	halfwidth_pair
1621	42	U+0034 U+0032	42	halfwidth_pair
1622	13	U+0031 U+0033	13	halfwidth_pair
1623	X-	U+0058 U+002D	X-	halfwidth_pair
1624	區	U+5340	區	fullwidth_single
1625	參	U+53C3	參	fullwidth_single
1626	壘	U+58D8	壘	fullwidth_single
1627	壓	U+58D3	壓	fullwidth_single
1628	粗	U+7C97	粗	fullwidth_single
1629	魯	U+9B6F	魯	fullwidth_single
1630	惑	U+60D1	惑	fullwidth_single
1631	僅	U+50C5	僅	fullwidth_single
1632	AS	U+0041 U+0053	AS	halfwidth_pair
1633	R-	U+0052 U+002D	R-	halfwidth_pair
1634	台	U+53F0	台	fullwidth_single
1635	秒	U+79D2	秒	fullwidth_single
1636	御	U+5FA1	御	fullwidth_single
1637	炸	U+70B8	炸	fullwidth_single
1638	障	U+969C	障	fullwidth_single
1639	檢	U+6AA2	檢	fullwidth_single
1640	甦	U+7526	甦	fullwidth_single
1641	悲	U+60B2	悲	fullwidth_single
1642	哀	U+54C0	哀	fullwidth_single
1643	珍	U+73CD	珍	fullwidth_single
1644	7-	U+0037 U+002D	7-	halfwidth_pair
1645	-3	U+002D U+0033	-3	halfwidth_pair
1646	62	U+0036 U+0032	62	halfwidth_pair
1647	10	U+0031 U+0030	10	halfwidth_pair
1648	73	U+0037 U+0033	73	halfwidth_pair
1649	辨	U+8FA8	辨	fullwidth_single
1650	序	U+5E8F	序	fullwidth_single
1651	權	U+6B0A	權	fullwidth_single
1652	A1	U+0041 U+0031	A1	halfwidth_pair
1653	1-	U+0031 U+002D	1-	halfwidth_pair
1654	72	U+0037 U+0032	72	halfwidth_pair
1655	洪	U+6D2A	洪	fullwidth_single
1656	痕	U+75D5	痕	fullwidth_single
1657	抹	U+62B9	抹	fullwidth_single
1658	福	U+798F	福	fullwidth_single
1659	文	U+6587	文	fullwidth_single
1660	治	U+6CBB	治	fullwidth_single
1661	C-	U+0043 U+002D	C-	halfwidth_pair
1662	77	U+0037 U+0037	77	halfwidth_pair
1663	-0	U+002D U+0030	-0	halfwidth_pair
1664	3-	U+0033 U+002D	3-	halfwidth_pair
1665	複	U+8907	複	fullwidth_single
1666	採	U+63A1	採	fullwidth_single
1667	02	U+0030 U+0032	02	halfwidth_pair
1668	湧	U+6E67	湧	fullwidth_single
1669	核	U+6838	核	fullwidth_single
1670	嘻	U+563B	嘻	fullwidth_single
1671	03	U+0030 U+0033	03	halfwidth_pair
1672	70	U+0037 U+0030	70	halfwidth_pair
1673	51	U+0035 U+0031	51	halfwidth_pair
1674	88	U+0038 U+0038	88	halfwidth_pair
1675	銷	U+92B7	銷	fullwidth_single
1676	摧	U+6467	摧	fullwidth_single
1677	拐	U+62D0	拐	fullwidth_single
1678	暈	U+6688	暈	fullwidth_single
1679	爐	U+7210	爐	fullwidth_single
1680	怖	U+6016	怖	fullwidth_single
1681	埋	U+57CB	埋	fullwidth_single
1682	伏	U+4F0F	伏	fullwidth_single
1683	螻	U+87BB	螻	fullwidth_single
1684	球	U+7403	球	fullwidth_single
1685	06	U+0030 U+0036	06	halfwidth_pair
1686	暨	U+66A8	暨	fullwidth_single
1687	優	U+512A	優	fullwidth_single
1688	握	U+63E1	握	fullwidth_single
1689	腦	U+8166	腦	fullwidth_single
1690	蓄	U+84C4	蓄	fullwidth_single
1691	荷	U+8377	荷	fullwidth_single
1692	扭	U+626D	扭	fullwidth_single
1693	曲	U+66F2	曲	fullwidth_single
1694	喪	U+55AA	喪	fullwidth_single
1695	膩	U+81A9	膩	fullwidth_single
1696	劈	U+5288	劈	fullwidth_single
1697	磁	U+78C1	磁	fullwidth_single
1698	偉	U+5049	偉	fullwidth_single
1699	蹈	U+8E48	蹈	fullwidth_single
1700	轍	U+8F4D	轍	fullwidth_single
1701	凶	U+51F6	凶	fullwidth_single
1702	展	U+5C55	展	fullwidth_single
1703	化	U+5316	化	fullwidth_single
1704	製	U+88FD	製	fullwidth_single
1705	版	U+7248	版	fullwidth_single
1706	共	U+5171	共	fullwidth_single
1707	傾	U+50BE	傾	fullwidth_single
1708	痊	U+75CA	痊	fullwidth_single
1709	癒	U+7652	癒	fullwidth_single
1710	吟	U+541F	吟	fullwidth_single
1711	唱	U+5531	唱	fullwidth_single
1712	撕	U+6495	撕	fullwidth_single
1713	燃	U+71C3	燃	fullwidth_single
1714	燒	U+71D2	燒	fullwidth_single
1715	灰	U+7070	灰	fullwidth_single
1716	抬	U+62AC	抬	fullwidth_single
1717	選	U+9078	選	fullwidth_single
1718	末	U+672B	末	fullwidth_single
1719	微	U+5FAE	微	fullwidth_single
1720	鑄	U+9444	鑄	fullwidth_single
1721	贏	U+8D0F	贏	fullwidth_single
1722	雙	U+96D9	雙	fullwidth_single
1723	項	U+9805	項	fullwidth_single
1724	衰	U+8870	衰	fullwidth_single
1725	殘	U+6B98	殘	fullwidth_single
1726	糊	U+7CCA	糊	fullwidth_single
1727	訊	U+8A0A	訊	fullwidth_single
1728	伶	U+4F36	伶	fullwidth_single
1729	飄	U+98C4	飄	fullwidth_single
1730	盪	U+76EA	盪	fullwidth_single
1731	寞	U+5BDE	寞	fullwidth_single
1732	堅	U+5805	堅	fullwidth_single
1733	缺	U+7F3A	缺	fullwidth_single
1734	劇	U+5287	劇	fullwidth_single
1735	跌	U+8DCC	跌	fullwidth_single
1736	剎	U+524E	剎	fullwidth_single
1737	園	U+5712	園	fullwidth_single
1738	踩	U+8E29	踩	fullwidth_single
1739	涼	U+6DBC	涼	fullwidth_single
1740	爽	U+723D	爽	fullwidth_single
1741	煦	U+7166	煦	fullwidth_single
1742	盛	U+76DB	盛	fullwidth_single
1743	宴	U+5BB4	宴	fullwidth_single
1744	祝	U+795D	祝	fullwidth_single
1745	喝	U+559D	喝	fullwidth_single
1746	杯	U+676F	杯	fullwidth_single
1747	圓	U+5713	圓	fullwidth_single
1748	訪	U+8A2A	訪	fullwidth_single
1749	鬆	U+9B06	鬆	fullwidth_single
1750	廬	U+5EEC	廬	fullwidth_single
1751	姓	U+59D3	姓	fullwidth_single
1752	默	U+9ED8	默	fullwidth_single
1753	衷	U+8877	衷	fullwidth_single
1754	宿	U+5BBF	宿	fullwidth_single
1755	艱	U+8271	艱	fullwidth_single
1756	倆	U+5006	倆	fullwidth_single
1757	舶	U+8236	舶	fullwidth_single
1758	嶼	U+5DBC	嶼	fullwidth_single
1759	浪	U+6D6A	浪	fullwidth_single
1760	涯	U+6DAF	涯	fullwidth_single
1761	彌	U+5F4C	彌	fullwidth_single
1762	雀	U+96C0	雀	fullwidth_single
1763	躍	U+8E8D	躍	fullwidth_single
1764	紹	U+7D39	紹	fullwidth_single
1765	孜	U+5B5C	孜	fullwidth_single
1766	李	U+674E	李	fullwidth_single
1767	晨	U+6668	晨	fullwidth_single
1768	允	U+5141	允	fullwidth_single
1769	婚	U+5A5A	婚	fullwidth_single
1770	浮	U+6D6E	浮	fullwidth_single
1771	艙	U+8259	艙	fullwidth_single
1772	嬌	U+5B0C	嬌	fullwidth_single
1773	恃	U+6043	恃	fullwidth_single
1774	壇	U+58C7	壇	fullwidth_single
1775	柔	U+67D4	柔	fullwidth_single
1776	祈	U+7948	祈	fullwidth_single
1777	禱	U+79B1	禱	fullwidth_single
1778	蜇	U+8707	蜇	fullwidth_single
1779	遷	U+9077	遷	fullwidth_single
1780	惦	U+60E6	惦	fullwidth_single
1781	念	U+5FF5	念	fullwidth_single
1782	掀	U+6380	掀	fullwidth_single
1783	瀾	U+703E	瀾	fullwidth_single
1784	悄	U+6084	悄	fullwidth_single
1785	嘴	U+5634	嘴	fullwidth_single
1786	返	U+8FD4	返	fullwidth_single
1787	員	U+54E1	員	fullwidth_single
1788	基	U+57FA	基	fullwidth_single
1789	課	U+8AB2	課	fullwidth_single
1790	品	U+54C1	品	fullwidth_single
1791	愉	U+6109	愉	fullwidth_single
1792	愜	U+611C	愜	fullwidth_single
1793	旺	U+65FA	旺	fullwidth_single
1794	昌	U+660C	昌	fullwidth_single
1795	節	U+7BC0	節	fullwidth_single
1796	紛	U+7D1B	紛	fullwidth_single
1797	恢	U+6062	恢	fullwidth_single
1798	誼	U+8ABC	誼	fullwidth_single
1799	繫	U+7E6B	繫	fullwidth_single
1800	廷	U+5EF7	廷	fullwidth_single
1801	奔	U+5954	奔	fullwidth_single
1802	每	U+6BCF	每	fullwidth_single
1803	磨	U+78E8	磨	fullwidth_single
1804	躺	U+8EBA	躺	fullwidth_single
1805	曬	U+66EC	曬	fullwidth_single
1806	芳	U+82B3	芳	fullwidth_single
1807	航	U+822A	航	fullwidth_single
1808	顯	U+986F	顯	fullwidth_single
1809	禀	U+7980	禀	fullwidth_single
1810	晉	U+6649	晉	fullwidth_single
1811	朕	U+6715	朕	fullwidth_single
1812	祉	U+7949	祉	fullwidth_single
1813	—	U+2014	—	fullwidth_single
1814	君	U+541B	君	fullwidth_single
1815	弱	U+5F31	弱	fullwidth_single
1816	馳	U+99B3	馳	fullwidth_single
1817	撫	U+64AB	撫	fullwidth_single
1818	瞌	U+778C	瞌	fullwidth_single
1819	枉	U+6789	枉	fullwidth_single
1820	瑣	U+7463	瑣	fullwidth_single
1821	政	U+653F	政	fullwidth_single
1822	官	U+5B98	官	fullwidth_single
1823	枯	U+67AF	枯	fullwidth_single
